{
  "0": [
    {
      "cam_R_m2c": [
        -0.6682463809428596,
        0.7303878109719749,
        0.14135211332109074,
        -0.7287981542619598,
        -0.6808594496845043,
        0.07268878950481947,
        0.1493319279361671,
        -0.054443138767725295,
        0.9872871517142249
      ],
      "cam_t_m2c": [
        -15.941210237585938,
        -21.316199787458558,
        742.2346634623669
      ],
      "obj_id": 1
    }
  ]
}