{
  "0": {"cam_K": [1077.8360324435764, 0.0, 323.78720086812973, 0.0, 1078.1889891654928, 279.6921095349479, 0.0, 0.0, 1.0], "cam_R_w2c": [0.4355950355529785, 0.7046687602996826, -0.5600883960723877, 0.7372116446495056, -0.6363105773925781, -0.22721822559833527, -0.516503632068634, -0.3139285147190094, -0.7966638207435608], "cam_t_w2c": [278.7215270996094, 1.47408926486969, 863.3469848632812], "depth_scale": 0.1},
  "1": {"cam_K": [1077.8360324435764, 0.0, 323.78720086812973, 0.0, 1078.1889891654928, 279.6921095349479, 0.0, 0.0, 1.0], "cam_R_w2c": [-0.10296987742185593, -0.6780509948730469, 0.7277663946151733, -0.4904601573944092, 0.6711385250091553, 0.5558974146842957, -0.865358829498291, -0.29969972372055054, -0.40166404843330383], "cam_t_w2c": [-206.4530029296875, 51.17971420288086, 713.4274291992188], "depth_scale": 0.1},
  "2": {"cam_K": [1077.8360324435764, 0.0, 323.78720086812973, 0.0, 1078.1889891654928, 279.6921095349479, 0.0, 0.0, 1.0], "cam_R_w2c": [0.8983553647994995, 0.3865908980369568, -0.208578959107399, 0.4360443651676178, -0.8422505259513855, 0.3169853687286377, -0.053132057189941406, -0.3757151663303375, -0.9252110719680786], "cam_t_w2c": [288.4595031738281, -125.0740737915039, 635.5559692382812], "depth_scale": 0.1}
}