{
  "0": [{"cam_R_m2c": [0.09989376366138458, -0.5600881576538086, 0.822388231754303, -0.973158061504364, -0.2272181510925293, -0.036539722234010696, 0.20732705295085907, -0.7966637015342712, -0.567751944065094], "cam_t_m2c": [12.321955680847168, 4.998732566833496, 1048.376708984375], "obj_id": 1}],
  "1": [{"cam_R_m2c": [-0.3430488407611847, 0.727766215801239, -0.5938633680343628, 0.8021976947784424, 0.5558976531028748, 0.21784552931785583, 0.4886678457260132, -0.401664137840271, -0.7745124101638794], "cam_t_m2c": [-16.011144638061523, -12.229535102844238, 968.2377319335938], "obj_id": 1}],
  "2": [{"cam_R_m2c": [-0.4601711332798004, -0.20857886970043182, 0.8629816770553589, -0.866564929485321, 0.3169853687286377, -0.38546788692474365, -0.19315209984779358, -0.9252108335494995, -0.326614648103714], "cam_t_m2c": [4.588762283325195, -6.973664283752441, 738.93310546875], "obj_id": 1}]
}