{
  "0": {"cam_K": [1077.8360324435764, 0.0, 323.78720086812973, 0.0, 1078.1889891654928, 279.6921095349479, 0.0, 0.0, 1.0], "cam_R_w2c": [0.7279630899429321, -0.6637505292892456, 0.17177022993564606, -0.6229214072227478, -0.7449660301208496, -0.23873582482337952, 0.2864239811897278, 0.06679151952266693, -0.9557721614837646], "cam_t_w2c": [-123.28422546386719, 171.88197326660156, 629.5814208984375], "depth_scale": 0.1},
  "1": {"cam_K": [1077.8360324435764, 0.0, 323.78720086812973, 0.0, 1078.1889891654928, 279.6921095349479, 0.0, 0.0, 1.0], "cam_R_w2c": [0.5908232927322388, -0.8001736402511597, -0.10319893807172775, -0.31251874566078186, -0.10905353724956512, -0.9436310529708862, 0.7438144683837891, 0.5897708535194397, -0.3145006597042084], "cam_t_w2c": [-77.75260925292969, 106.96432495117188, 655.7913208007812], "depth_scale": 0.1},
  "2": {"cam_K": [1077.8360324435764, 0.0, 323.78720086812973, 0.0, 1078.1889891654928, 279.6921095349479, 0.0, 0.0, 1.0], "cam_R_w2c": [-0.6062523722648621, -0.6571804881095886, 0.4478527307510376, -0.5630972981452942, 0.7523908019065857, 0.34180331230163574, -0.5615867376327515, -0.04496560990810394, -0.8261952996253967], "cam_t_w2c": [136.49571228027344, 64.73250579833984, 891.3920288085938], "depth_scale": 0.1},
  "3": {"cam_K": [1077.8360324435764, 0.0, 323.78720086812973, 0.0, 1078.1889891654928, 279.6921095349479, 0.0, 0.0, 1.0], "cam_R_w2c": [-0.31394490599632263, -0.9316568970680237, -0.18290486931800842, -0.9451956748962402, 0.3248845636844635, -0.03248502314090729, 0.08968786895275116, 0.16268238425254822, -0.9825938940048218], "cam_t_w2c": [115.71028900146484, 177.98617553710938, 748.1407470703125], "depth_scale": 0.1},
  "4": {"cam_K": [1077.8360324435764, 0.0, 323.78720086812973, 0.0, 1078.1889891654928, 279.6921095349479, 0.0, 0.0, 1.0], "cam_R_w2c": [0.7378395795822144, 0.44435298442840576, 0.5080779790878296, 0.24509026110172272, -0.8777338266372681, 0.4117209315299988, 0.6289066672325134, -0.1792590320110321, -0.7565333247184753], "cam_t_w2c": [-191.80633544921875, -24.609582901000977, 648.2411499023438], "depth_scale": 0.1},
  "5": {"cam_K": [1077.8360324435764, 0.0, 323.78720086812973, 0.0, 1078.1889891654928, 279.6921095349479, 0.0, 0.0, 1.0], "cam_R_w2c": [-0.876582682132721, 0.12438884377479553, 0.46489793062210083, 0.283540278673172, 0.9140391945838928, 0.29006415605545044, -0.38885417580604553, 0.3860825300216675, -0.8365001678466797], "cam_t_w2c": [153.4622802734375, -113.02774810791016, 632.98095703125], "depth_scale": 0.1},
  "6": {"cam_K": [1077.8360324435764, 0.0, 323.78720086812973, 0.0, 1078.1889891654928, 279.6921095349479, 0.0, 0.0, 1.0], "cam_R_w2c": [-0.22948519885540009, 0.5276362299919128, 0.8178855180740356, 0.5593212246894836, -0.6162158846855164, 0.5544708967208862, 0.7965528964996338, 0.5847035050392151, -0.15370582044124603], "cam_t_w2c": [-11.650919914245605, -106.76422119140625, 820.4769287109375], "depth_scale": 0.1},
  "7": {"cam_K": [1077.8360324435764, 0.0, 323.78720086812973, 0.0, 1078.1889891654928, 279.6921095349479, 0.0, 0.0, 1.0], "cam_R_w2c": [0.41918647289276123, 0.7891008257865906, 0.44900184869766235, 0.3710292875766754, 0.3024751842021942, -0.8779784440994263, -0.8286253809928894, 0.5346295237541199, -0.16598601639270782], "cam_t_w2c": [-141.0807647705078, -54.31835174560547, 776.9256591796875], "depth_scale": 0.1},
  "8": {"cam_K": [1077.8360324435764, 0.0, 323.78720086812973, 0.0, 1078.1889891654928, 279.6921095349479, 0.0, 0.0, 1.0], "cam_R_w2c": [0.34888941049575806, 0.8997372388839722, 0.2622004449367523, 0.35004574060440063, -0.3846428096294403, 0.8541182279586792, 0.8693354725837708, -0.2062106877565384, -0.4491470158100128], "cam_t_w2c": [-124.50353240966797, -87.40343475341797, 761.5287475585938], "depth_scale": 0.1},
  "9": {"cam_K": [1077.8360324435764, 0.0, 323.78720086812973, 0.0, 1078.1889891654928, 279.6921095349479, 0.0, 0.0, 1.0], "cam_R_w2c": [-0.354407399892807, -0.8448150753974915, 0.4008525609970093, -0.9334760308265686, 0.29445526003837585, -0.20474018156528473, 0.05493445694446564, -0.44674772024154663, -0.8929717540740967], "cam_t_w2c": [96.150146484375, 184.0323944091797, 858.124267578125], "depth_scale": 0.1}
}