{
  "0": [{"cam_R_m2c": [0.8064637780189514, 0.46442028880119324, -0.36596444249153137, 0.29991739988327026, -0.854698657989502, -0.42372122406959534, -0.5095740556716919, 0.23195669054985046, -0.8285712003707886], "cam_t_m2c": [-10.217182159423828, 18.80324935913086, 961.5562744140625], "obj_id": 1}],
  "1": [{"cam_R_m2c": [0.24460050463676453, 0.781044065952301, -0.5745788216590881, 0.08801428973674774, -0.6080173254013062, -0.7890300750732422, -0.9656211137771606, 0.1424260288476944, -0.217464417219162], "cam_t_m2c": [-17.18283462524414, 13.376220703125, 702.8145751953125], "obj_id": 1}],
  "2": [{"cam_R_m2c": [0.10800867527723312, -0.8954648971557617, 0.4318296015262604, 0.9739708304405212, 0.008238932117819786, -0.22652366757392883, 0.19928616285324097, 0.4450559616088867, 0.8730465173721313], "cam_t_m2c": [19.70014762878418, -0.18127469718456268, 587.134033203125], "obj_id": 1}]
}