{
  "0": {"cam_K": [1077.8360324435764, 0.0, 323.78720086812973, 0.0, 1078.1889891654928, 279.6921095349479, 0.0, 0.0, 1.0], "cam_R_w2c": [0.19715616106987, -0.8992571234703064, 0.39046889543533325, -0.7272782921791077, -0.4012388586997986, -0.5568423867225647, 0.6574158668518066, -0.17419469356536865, -0.733116865158081], "cam_t_w2c": [-109.62153625488281, -5.692728519439697, 899.6354370117188], "depth_scale": 0.1},
  "1": {"cam_K": [1077.8360324435764, 0.0, 323.78720086812973, 0.0, 1078.1889891654928, 279.6921095349479, 0.0, 0.0, 1.0], "cam_R_w2c": [-0.9350203275680542, -0.34006720781326294, -0.10045544058084488, -0.26807767152786255, 0.863361656665802, -0.42748215794563293, 0.23210205137729645, -0.3727746605873108, -0.8984251022338867], "cam_t_w2c": [-1.4039976596832275, 109.05278778076172, 800.9198608398438], "depth_scale": 0.1},
  "2": {"cam_K": [1077.8360324435764, 0.0, 323.78720086812973, 0.0, 1078.1889891654928, 279.6921095349479, 0.0, 0.0, 1.0], "cam_R_w2c": [-0.087347112596035, 0.08071915060281754, -0.9929023385047913, 0.9909137487411499, 0.10937217622995377, -0.07828053086996078, 0.1022772341966629, -0.9907180666923523, -0.08953914046287537], "cam_t_w2c": [31.884197235107422, -21.185951232910156, 890.38671875], "depth_scale": 0.1},
  "3": {"cam_K": [1077.8360324435764, 0.0, 323.78720086812973, 0.0, 1078.1889891654928, 279.6921095349479, 0.0, 0.0, 1.0], "cam_R_w2c": [-0.6101452112197876, -0.36189231276512146, -0.704809844493866, 0.370024174451828, 0.6564490795135498, -0.657386302947998, 0.7005748152732849, -0.6618977189064026, -0.26662036776542664], "cam_t_w2c": [-2.569265604019165, 69.85455322265625, 771.0733032226562], "depth_scale": 0.1},
  "4": {"cam_K": [1077.8360324435764, 0.0, 323.78720086812973, 0.0, 1078.1889891654928, 279.6921095349479, 0.0, 0.0, 1.0], "cam_R_w2c": [0.644076943397522, 0.6298928260803223, -0.43405064940452576, 0.7646052837371826, -0.5474020838737488, 0.3401910364627838, -0.023316314443945885, -0.5509865880012512, -0.8341884613037109], "cam_t_w2c": [52.98617172241211, -91.15511322021484, 714.7626342773438], "depth_scale": 0.1},
  "5": {"cam_K": [1077.8360324435764, 0.0, 323.78720086812973, 0.0, 1078.1889891654928, 279.6921095349479, 0.0, 0.0, 1.0], "cam_R_w2c": [-0.6182029247283936, -0.7078149318695068, -0.34179407358169556, -0.6621685028076172, 0.23468634486198425, 0.7116566300392151, -0.4235067665576935, 0.6662734746932983, -0.6137765049934387], "cam_t_w2c": [-46.19425964355469, 33.085391998291016, 694.9586791992188], "depth_scale": 0.1},
  "6": {"cam_K": [1077.8360324435764, 0.0, 323.78720086812973, 0.0, 1078.1889891654928, 279.6921095349479, 0.0, 0.0, 1.0], "cam_R_w2c": [-0.19148817658424377, 0.9276995658874512, 0.3204774856567383, 0.6515581011772156, -0.12404442578554153, 0.7483882904052734, 0.734032928943634, 0.3521171808242798, -0.5806971788406372], "cam_t_w2c": [97.85161590576172, -50.98042678833008, 736.8986206054688], "depth_scale": 0.1},
  "7": {"cam_K": [1077.8360324435764, 0.0, 323.78720086812973, 0.0, 1078.1889891654928, 279.6921095349479, 0.0, 0.0, 1.0], "cam_R_w2c": [-0.6152780652046204, -0.6930553913116455, 0.37564221024513245, -0.4431758224964142, -0.08998072892427444, -0.891907274723053, 0.65194171667099, -0.7152465581893921, -0.25178220868110657], "cam_t_w2c": [-59.444515228271484, 24.144832611083984, 707.5764770507812], "depth_scale": 0.1},
  "8": {"cam_K": [1077.8360324435764, 0.0, 323.78720086812973, 0.0, 1078.1889891654928, 279.6921095349479, 0.0, 0.0, 1.0], "cam_R_w2c": [-0.27857455611228943, 0.9595703482627869, 0.04026259109377861, 0.8816049695014954, 0.27212145924568176, -0.3856457769870758, -0.3810105621814728, -0.07193537801504135, -0.9217681288719177], "cam_t_w2c": [109.97067260742188, 6.055016040802002, 854.473876953125], "depth_scale": 0.1},
  "9": {"cam_K": [1077.8360324435764, 0.0, 323.78720086812973, 0.0, 1078.1889891654928, 279.6921095349479, 0.0, 0.0, 1.0], "cam_R_w2c": [0.4352903962135315, 0.8277888298034668, 0.35396042466163635, 0.683561384677887, -0.5597480535507202, 0.4684293270111084, 0.5858892202377319, 0.03805087134242058, -0.8094974160194397], "cam_t_w2c": [64.92610168457031, -92.27806854248047, 871.8612060546875], "depth_scale": 0.1}
}