{
  "0": [{"cam_R_m2c": [-0.3904690444469452, 0.7121171951293945, -0.5834577083587646, 0.5568425059318542, 0.6873804330825806, 0.46629875898361206, 0.7331167459487915, -0.14281879365444183, -0.6649378538131714], "cam_t_m2c": [1.4586570262908936, -1.1656922101974487, 927.4022827148438], "obj_id": 1}],
  "1": [{"cam_R_m2c": [0.1004556342959404, 0.727050244808197, 0.6791955232620239, 0.42748212814331055, -0.6479668021202087, 0.6303950548171997, 0.8984250426292419, 0.22701725363731384, -0.3758928179740906], "cam_t_m2c": [-1.6979756355285645, -1.5759934186935425, 830.7778930664062], "obj_id": 1}],
  "2": [{"cam_R_m2c": [0.9929022789001465, -0.032341133803129196, 0.1144513264298439, 0.07828040421009064, -0.5467740893363953, -0.8336127400398254, 0.08953900635242462, 0.83665531873703, -0.5403615832328796], "cam_t_m2c": [-0.28635352849960327, 2.0838840007781982, 997.8756713867188], "obj_id": 1}],
  "3": [{"cam_R_m2c": [0.7048099040985107, 0.5992012619972229, 0.3797377943992615, 0.6573861837387085, -0.7528669834136963, -0.03216266632080078, 0.2666201889514923, 0.2723029553890228, -0.9245347380638123], "cam_t_m2c": [-0.9493119716644287, 0.08046813309192657, 861.9537963867188], "obj_id": 1}],
  "4": [{"cam_R_m2c": [0.4340507388114929, -0.8534556031227112, -0.2884672284126282, -0.34019097685813904, 0.14122064411640167, -0.9296916723251343, 0.8341881632804871, 0.5016672611236572, -0.2290409654378891], "cam_t_m2c": [0.7211668491363525, 2.324265956878662, 755.5092163085938], "obj_id": 1}],
  "5": [{"cam_R_m2c": [0.3417941927909851, 0.911176323890686, 0.23007500171661377, -0.7116565704345703, 0.09105758368968964, 0.696601390838623, 0.6137765645980835, -0.40182870626449585, 0.6795675158500671], "cam_t_m2c": [-0.5752868056297302, -1.7414437532424927, 595.780517578125], "obj_id": 1}],
  "6": [{"cam_R_m2c": [-0.3204773962497711, -0.740037739276886, 0.5913020968437195, -0.7483881711959839, -0.184861958026886, -0.636978030204773, 0.5806971788406372, -0.6466606259346008, -0.4945913255214691], "cam_t_m2c": [-1.4783116579055786, 1.5925242900848389, 714.5388793945312], "obj_id": 1}],
  "7": [{"cam_R_m2c": [-0.37564224004745483, 0.8966949582099915, 0.23416033387184143, 0.891907274723053, 0.28114041686058044, 0.3542053699493408, 0.25178223848342896, 0.34190380573272705, -0.9053769707679749], "cam_t_m2c": [-0.5855499505996704, -0.8854344487190247, 802.6522827148438], "obj_id": 1}],
  "8": [{"cam_R_m2c": [-0.04026268795132637, -0.728958249092102, 0.6833727955818176, 0.38564568758010864, -0.6422708034515381, -0.66239333152771, 0.9217678308486938, 0.2368699312210083, 0.30697956681251526], "cam_t_m2c": [-1.7083733081817627, 1.655903697013855, 829.2005004882812], "obj_id": 1}],
  "9": [{"cam_R_m2c": [-0.35396039485931396, -0.9351749420166016, -0.012647381983697414, -0.4684293270111084, 0.18897081911563873, -0.8630550503730774, 0.8094974160194397, -0.29956287145614624, -0.5049515962600708], "cam_t_m2c": [0.03160117194056511, 2.1576433181762695, 872.8126220703125], "obj_id": 1}]
}