{
  "0": {"cam_K": [1077.8360324435764, 0.0, 323.78720086812973, 0.0, 1078.1889891654928, 279.6921095349479, 0.0, 0.0, 1.0], "cam_R_w2c": [0.3436092138290405, -0.8162392973899841, -0.4644201099872589, -0.06749890744686127, -0.5147172808647156, 0.8546987175941467, -0.9366838335990906, -0.2623344957828522, -0.2319568544626236], "cam_t_w2c": [-111.01126098632812, -134.465576171875, 792.611572265625], "depth_scale": 0.1},
  "1": {"cam_K": [1077.8360324435764, 0.0, 323.78720086812973, 0.0, 1078.1889891654928, 279.6921095349479, 0.0, 0.0, 1.0], "cam_R_w2c": [-0.21053718030452728, -0.5879151225090027, -0.781044065952301, -0.4711032509803772, -0.6390435695648193, 0.6080171465873718, -0.8565837144851685, 0.49596264958381653, -0.14242619276046753], "cam_t_w2c": [-131.04542541503906, -208.4053955078125, 696.3878173828125], "depth_scale": 0.1},
  "2": {"cam_K": [1077.8360324435764, 0.0, 323.78720086812973, 0.0, 1078.1889891654928, 279.6921095349479, 0.0, 0.0, 1.0], "cam_R_w2c": [0.3724927008152008, 0.24370433390140533, 0.8954648971557617, 0.5612632632255554, -0.8275962471961975, -0.008238891139626503, 0.7390756011009216, 0.5056604743003845, -0.4450558125972748], "cam_t_w2c": [79.3800277709961, -94.68035125732422, 810.0719604492188], "depth_scale": 0.1}
}