{
  "0": [{"cam_R_m2c": [-0.5576181411743164, -0.8121311068534851, 0.17177055776119232, -0.8233725428581238, 0.5148425698280334, -0.2387358844280243, 0.10545003414154053, -0.27455461025238037, -0.9557719826698303], "cam_t_m2c": [17.86684226989746, -11.326545715332031, 658.3372192382812], "obj_id": 1}],
  "1": [{"cam_R_m2c": [-0.7115634679794312, -0.6950016617774963, -0.10319850593805313, -0.15089230239391327, 0.2946047782897949, -0.9436309933662415, 0.6862279176712036, -0.6558815836906433, -0.3145003318786621], "cam_t_m2c": [15.289962768554688, -6.481333255767822, 836.8687744140625], "obj_id": 1}],
  "2": [{"cam_R_m2c": [-0.734130322933197, 0.5103731751441956, 0.44785255193710327, 0.6680359244346619, 0.660983145236969, 0.34180301427841187, -0.12157591432332993, 0.5501095056533813, -0.8261954188346863], "cam_t_m2c": [-11.228135108947754, -14.541675567626953, 729.4996948242188], "obj_id": 1}],
  "3": [{"cam_R_m2c": [-0.9659150242805481, 0.1831776201725006, -0.18290486931800842, 0.1921568214893341, 0.9808264374732971, -0.032485269010066986, 0.1734473556280136, -0.0665244311094284, -0.982593834400177], "cam_t_m2c": [-4.030247211456299, -21.578433990478516, 735.8101196289062], "obj_id": 1}],
  "4": [{"cam_R_m2c": [0.5413649678230286, -0.6699107885360718, 0.5080782771110535, -0.8358165621757507, -0.36317574977874756, 0.4117209315299988, -0.09129459410905838, -0.6475514769554138, -0.756533145904541], "cam_t_m2c": [14.738116264343262, 7.989836692810059, 751.1612548828125], "obj_id": 1}],
  "5": [{"cam_R_m2c": [0.00296812248416245, 0.885359525680542, 0.4648975729942322, 0.944293200969696, -0.15547695755958557, 0.29006433486938477, 0.3290920555591583, 0.4381386637687683, -0.8365004062652588], "cam_t_m2c": [-19.47794532775879, 3.420473098754883, 528.8302612304688], "obj_id": 1}],
  "6": [{"cam_R_m2c": [0.4911689758300781, 0.29969385266304016, 0.8178853392601013, -0.5336660742759705, -0.6385625600814819, 0.5544707179069519, 0.6884427070617676, -0.7088165283203125, -0.15370550751686096], "cam_t_m2c": [-6.593186378479004, 14.048168182373047, 1019.7120971679688], "obj_id": 1}],
  "7": [{"cam_R_m2c": [0.8391430974006653, -0.3069795072078705, 0.44900161027908325, 0.3505112826824188, -0.3260301947593689, -0.8779783844947815, 0.4159094989299774, 0.8941295742988586, -0.16598619520664215], "cam_t_m2c": [6.753576755523682, 7.172589302062988, 607.5748291015625], "obj_id": 1}],
  "8": [{"cam_R_m2c": [0.9390906095504761, -0.22217033803462982, 0.26220056414604187, -0.3329894244670868, -0.39949941635131836, 0.854118287563324, -0.08501076698303223, -0.8894044756889343, -0.4491465389728546], "cam_t_m2c": [4.887670516967773, 8.788851737976074, 929.816650390625], "obj_id": 1}],
  "9": [{"cam_R_m2c": [-0.8854446411132812, 0.2351703941822052, 0.4008524715900421, 0.16362278163433075, 0.9650434851646423, -0.2047405242919922, -0.43498894572257996, -0.11569780111312866, -0.8929718136787415], "cam_t_m2c": [-5.173738956451416, -21.231029510498047, 814.3488159179688], "obj_id": 1}]
}