{
  "0": {"cam_K": [1077.8360324435764, 0.0, 323.78720086812973, 0.0, 1078.1889891654928, 279.6921095349479, 0.0, 0.0, 1.0], "cam_R_w2c": [0.29018381237983704, -0.42649826407432556, -0.8566752672195435, -0.5247299671173096, 0.6777074933052063, -0.5151417255401611, 0.8002822995185852, 0.5990089774131775, -0.0271366648375988], "cam_t_w2c": [27.675186157226562, 43.22674560546875, 673.2989501953125], "depth_scale": 0.1},
  "1": {"cam_K": [1077.8360324435764, 0.0, 323.78720086812973, 0.0, 1078.1889891654928, 279.6921095349479, 0.0, 0.0, 1.0], "cam_R_w2c": [-0.9941603541374207, -0.00563765037804842, 0.10776445269584656, 0.05290069431066513, 0.8449465036392212, 0.5322282314300537, -0.09405571967363358, 0.534821093082428, -0.8397140502929688], "cam_t_w2c": [171.34768676757812, -118.2379379272461, 892.2562255859375], "depth_scale": 0.1},
  "2": {"cam_K": [1077.8360324435764, 0.0, 323.78720086812973, 0.0, 1078.1889891654928, 279.6921095349479, 0.0, 0.0, 1.0], "cam_R_w2c": [-0.9215680360794067, 0.38798731565475464, -0.013347367756068707, 0.3881531357765198, 0.9202492237091064, -0.049784526228904724, -0.00703286100178957, -0.05106065422296524, -0.998670756816864], "cam_t_w2c": [122.76593017578125, -161.50991821289062, 730.0880737304688], "depth_scale": 0.1},
  "3": {"cam_K": [1077.8360324435764, 0.0, 323.78720086812973, 0.0, 1078.1889891654928, 279.6921095349479, 0.0, 0.0, 1.0], "cam_R_w2c": [-0.43704551458358765, -0.870381236076355, -0.22677719593048096, -0.3087000250816345, 0.38197043538093567, -0.8710929751396179, 0.844805121421814, -0.31070107221603394, -0.43562522530555725], "cam_t_w2c": [176.1671600341797, 50.16532897949219, 643.0348510742188], "depth_scale": 0.1},
  "4": {"cam_K": [1077.8360324435764, 0.0, 323.78720086812973, 0.0, 1078.1889891654928, 279.6921095349479, 0.0, 0.0, 1.0], "cam_R_w2c": [0.6524355411529541, 0.7396047115325928, 0.16526581346988678, 0.7359983325004578, -0.6703611016273499, 0.09445855766534805, 0.1806497722864151, 0.0600072517991066, -0.981715202331543], "cam_t_w2c": [-198.0968017578125, -64.1653060913086, 881.3949584960938], "depth_scale": 0.1},
  "5": {"cam_K": [1077.8360324435764, 0.0, 323.78720086812973, 0.0, 1078.1889891654928, 279.6921095349479, 0.0, 0.0, 1.0], "cam_R_w2c": [-0.48251625895500183, -0.7146339416503906, 0.5064351558685303, -0.8569451570510864, 0.2655733823776245, -0.4417192339897156, 0.18117181956768036, -0.6471238136291504, -0.7405455708503723], "cam_t_w2c": [138.37843322753906, 141.38815307617188, 802.09716796875], "depth_scale": 0.1},
  "6": {"cam_K": [1077.8360324435764, 0.0, 323.78720086812973, 0.0, 1078.1889891654928, 279.6921095349479, 0.0, 0.0, 1.0], "cam_R_w2c": [-0.8810824155807495, -0.31585827469825745, -0.35203349590301514, -0.45817434787750244, 0.38534146547317505, 0.8009920716285706, -0.11734683811664581, 0.8670326471328735, -0.4842357933521271], "cam_t_w2c": [202.12527465820312, 8.428206443786621, 797.8093872070312], "depth_scale": 0.1},
  "7": {"cam_K": [1077.8360324435764, 0.0, 323.78720086812973, 0.0, 1078.1889891654928, 279.6921095349479, 0.0, 0.0, 1.0], "cam_R_w2c": [-0.9459318518638611, -0.14697648584842682, -0.2891562581062317, -0.16301760077476501, 0.9861022233963013, 0.032057639211416245, 0.28042590618133545, 0.07746188342571259, -0.9567452669143677], "cam_t_w2c": [193.54086303710938, -74.54016876220703, 798.3085327148438], "depth_scale": 0.1},
  "8": {"cam_K": [1077.8360324435764, 0.0, 323.78720086812973, 0.0, 1078.1889891654928, 279.6921095349479, 0.0, 0.0, 1.0], "cam_R_w2c": [0.18113291263580322, -0.8308655619621277, 0.5261685252189636, -0.5033507943153381, -0.5379539728164673, -0.6761978268623352, 0.844883918762207, -0.14236566424369812, -0.5156579613685608], "cam_t_w2c": [32.68997573852539, 171.67747497558594, 732.1575927734375], "depth_scale": 0.1},
  "9": {"cam_K": [1077.8360324435764, 0.0, 323.78720086812973, 0.0, 1078.1889891654928, 279.6921095349479, 0.0, 0.0, 1.0], "cam_R_w2c": [-0.5614044666290283, 0.4790279269218445, 0.674801766872406, 0.027534453198313713, 0.8257905840873718, -0.5633043646812439, -0.8270834684371948, -0.2976612448692322, -0.47679227590560913], "cam_t_w2c": [22.037033081054688, -67.419677734375, 822.2222900390625], "depth_scale": 0.1}
}